[
  {
    "name": "Cat",
    "img": "cat.png"
  },
  {
    "name": "Dog",
    "img": "dog.png"
  },
  {
    "name": "Bear",
    "img": "bear.png"
  },
  {
    "name": "Allen",
    "img": "allen.png"
  },
  {
    "name": "Astro",
    "img": "astro.png"
  },
  {
    "name": "Dragon",
    "img": "dragon.png"
  },
  {
    "name": "Fox",
    "img": "fox.png"
  },
  {
    "name": "Panda",
    "img": "panda.png"
  },
  {
    "name": "Duck",
    "img": "duck.png"
  },
  {
    "name": "Monkey",
    "img": "monkey.png"
  },
  {
    "name": "Owl",
    "img": "owl.png"
  },
  {
    "name": "Lemon",
    "img": "lemon.png"
  },
  {
    "name": "bebek ",
    "img": "1000062184.jpg"
  }
]